id,subject,uid,project
00001,00001,1.2.840.113619.2.1.1.1,XNAT01
00002,00001,1.2.840.113619.2.1.1.2,XNAT01
00003,00002,1.2.840.113619.2.1.1.3,XNAT01
